Title,Author,URL,Full_Text
100 lbs down today,Eeyore_,https://www.reddit.com/r/diabetes/comments/1owypjq/100_lbs_down_today/,"This morning the scale read 225. That's 100 lbs down from December 31, 2024, I recently passed my 46th birthday, I was 6'3"" and I weighed 325 lbs. I never imagined I could lose 100 lbs in 318 days. That's 0.314 lbs per day.   On December 31, I went to the ER with a kidney stone I had been dealing with for about a week, and it became intolerable. After getting triaged, the ER doctor asked me, ""What medication are you taking to treat your diabetes?"" I responded, ""Treat my what now?"" And he said, ""Your blood glucose is 330. You have diabetes. You need to discuss this with your primary care physician."" So, at 46 I had to establish a primary care physician.   My primary care physician (PCP) put me on metformin, and we tried to get Mounjaro. It took 5 weeks to navigate the prior authorization paperwork. I started taking Mounjaro February 7. I radically changed my diet as soon as I got home from the ER, and, over those 5 weeks, I managed to lose 7 lbs. My A1C started out at 10.2, and within 90 days it was at 6.2, and I had lost an additional 38 lbs. Putting me at 280, and the first time in nearly 30 years that I was under 300 lbs.   I did 4 weeks on 2.5 mg and 4 weeks on 5 mg, then stayed on 7.5 for 16 weeks. I've been on 10 mg since July 25. When I started on 10 mg, I weighed 258 lbs. Today, 16 weeks later, I now weigh 225.   For my diet, I started out by changing what I ate, and then, as I progressed month by month, week by week, I reduced how much I ate. Firstly, I only ate chicken breasts, romaine lettuce, broccoli, cauliflower, carrots, tomatoes, cottage cheese, individually wrapped 1 oz cheeses. Initially, I ate as much of these as I wanted, but I only ate from these choices. After 5 weeks of this diet change, and starting Mounjaro, I began portion control. I began weighing what I was eating, not to control how much I ate, but to understand how much I ate. And upon starting Mounjaro, I immediately noticed my satiety was significantly improved, and my hunger was much more quickly abated.   After 4 weeks on 2.5 mg, I shifted from measuring for data collection purposes to measuring and weighing for portion control. I began making my salads with 200 grams of lettuce, carrots, broccoli, cauliflower, and chicken breast, 2 tbsp of salad dressing, and some olives and capers. For breakfast I would eat either 2 boiled eggs or 150 grams of cottage cheese. I maintained this rigor for my 4 weeks on 5.0 mg. My goal was to eat 1,650 calories a day.   When I started on 7.5 mg, I was about 3 months into my weight loss journey, and 2 months on Mounjaro. From the beginning of May and on, my diet was on lockdown. My new challenge was not limiting what I ate, but eating enough. on 7.5 mg, if I ate ""when I felt hungry"" I would barely eat 1,200 calories a day.   In June, I started going to a CrossFit gym. I went a little less than once a week for the whole month of May. In July, I committed to once a week and to try for twice a week. I'd do Monday and then try for Thursday or Friday, depending on my recovery. I also started being concerned about my protein intake with my significantly reduced intake. So I started buying 30 gram protein drinks. For a month, I drank 1 a day, at breakfast, mixed with equal parts coffee. This became my sole breakfast over time. I'd just make the coffee, no cottage cheese, and drink my protein coffee.   In July I tried to get into the gym twice a week for sure. I didn't quite make it to twice a week. In August I stepped up to committing to 2 times a week. You should be getting the pattern here. In September I tried for 2.5 a week, and in October I committed to going to classes 3 times a week, Monday, Wednesday, Friday.   This has been my journey. I am down 100 lbs. I weigh less today than I have since I graduated high school 30 years ago. I was 16 the last time my weight was this low.   I hope to lose another 30 lbs. I want to get to 195 to see what that's like. I haven't seen what this looks like in my entire adult life. I feel better than I have in over a decade, and maybe 2 decades.   Dose | Duration | A1C | BMI | Start Weight | End Weight | lbs lost | Total Lost | Lost/wk ----|--------|---|---|------------|----------|--------|----------|------- 0 | 5 weeks | 10.2 | 40.62 | 325 | 318 | 7 | 7 | 1.3 lb/wk 2.5 | 4 weeks | --- | 39.74 | 318 | 300 | 18 | 25 | 3.0 lb/wk 5.0 | 4 weeks | --- | 37.49 | 300 | 280 | 20 | 45 | 2.8 lb/wk 7.5 | 4 weeks | 6.2 | 34.62 | 280 | 277 | 3 | 48 | 2.8 lb/wk 7.5 | 12 weeks | 5.4 | 32.24 | 277 | 258 | 19 | 67 | 2.28 10 | 16 weeks | --- | 28.12 | 258 | 225 | 33 | 100 | 2.21"
I can‚Äôt stop drinking water but my stomach hurts from it,Wrong-Ear-7909,https://www.reddit.com/r/diabetes/comments/1owu5zg/i_cant_stop_drinking_water_but_my_stomach_hurts/,"My mouth is literally ON fire, feels dry yet hydrated at the same time. So does my throat. I‚Äôve downed a litre of bottle the past hour, my stomach is literally bloated like a balloon.. feels like it‚Äôs gna burst if I drink anymore. but I can‚Äôt get rid of this stupid thirst???? Somebody give me advice on how you handle this please üòì  Edit : hai little update ! Thank you for all your concerns ‚ù§Ô∏è my blood sugar was thru the roof, I eventually got rushed into ER after my dad found me on the floor &amp; I‚Äôm now doing a little better! I‚Äôm only 16 and just gotten diagnosed a little while back in October so all this is new and scary for me and I didn‚Äôt even know what DKA was until this happened. I was fine one moment, until I wasn‚Äôt."
11 Month Update,tow-avvay,https://www.reddit.com/r/diabetes/comments/1ox1gkk/11_month_update/,"January: 8.8   April: 5.2  November: 5.2  Mounjaro 7.5mg (I have gone up+down with this dosing re: side effects, but I think I have it down now)  Metformin 500mg"
Any one else having hydration issues now it's winter?,Zealousideal-Web5346,https://www.reddit.com/r/diabetes/comments/1ox3fld/any_one_else_having_hydration_issues_now_its/,I have trouble keeping my self hydrated during the winter.  I wood stove plus me not drinking enough water makes me super shakey
Nausea and tummy pain from metformin any suggestions?,MizBHaven7,https://www.reddit.com/r/diabetes/comments/1ox0gny/nausea_and_tummy_pain_from_metformin_any/,"My doctor put me on metformin to help with blood sugar control and weight loss. I'm on 500 MG right now and on day 3 and omg the nausea and tummy cramps. I've done some reading online about eating smaller portions and not eating carb heavy food might help but does anyone have other suggestions aswell? I'm working on adjusting my diet per my doctor's instructions and that is helping some. I just wanted to hear others experience with this medication and some of the at home things yall tried that helped out with stomach issues.  Also side question but any low carb/keto recipes, recipe books or website recommendations for someone trying to get their health in check?  Thx everyone!"
A1c and doctors,shadow997ca,https://www.reddit.com/r/diabetes/comments/1ox41ry/a1c_and_doctors/,"More of a rant than anything but also looking for opinions and what your doctors say. I get a bit frustrated dealing with 2 doctors on my Diabetes.  Diagnosed by my GP 12 years ago and put on slow and fast acting insulin about 8 months after that by the Endo who the GP referred me to. My GP calls it type 1 so I go with that. This week saw my GP and my Endo on the same day a few hours apart. I see the GP every 3 months and the Endo every 6. So every 3 months I have bloodwork done. My GP has always asked about lows and I tell her they aren't a big issue but as you all know there is going to be some. I have a cgm which alerts me at 4.2, time for me to correct before things get ugly and I manage that very well. For the past year my A1c has been between 5.6 and 5.8 which is a great improvement for me and I credit the cgm  So my GP says, it's too low, you should strive to get it around 6 or slightly higher. I say, but lower is better isn't it? She's say, ask your Endo and let me know what he says. She also suggested Ozempic and to also ask him. I did so and he says, the lower the better and maybe she is getting fasting mixed up with A1c? No she isn't but anyway he tells me I'm doing great and to keep doing it! As for Ozempic he wasn't thrilled and again says, what you're doing is working so keep it up. Tells me he would prescribe it if I want but he usually only does that for people what can't control things well or if they're over weight of which I'm not too bad. I think I'll pass on it for now.   For the ones who added Ozempic, how's it working for you? Recommended?"
"girlfriend has t1d, i need advice",negesserit,https://www.reddit.com/r/diabetes/comments/1ox8nqk/girlfriend_has_t1d_i_need_advice/,
My dad's recent blood test has me scared for him,teggyteggy,https://www.reddit.com/r/diabetes/comments/1ox7uj2/my_dads_recent_blood_test_has_me_scared_for_him/,"My dad's blood report came back in and he's 56 years old.  His glucose is at 190mg/dL. His last two results back in 2023 and 2022 were 129mg/dL and 115mg/dL. His A1C is 10.4. The last two results were 7.0 and 6.8.  His BUN/Creatinine and LDL were kind of high too. 30 and 146. It have been related to being dehydrated and with the cholesterol, I'm going to do my best to help him lower his oily food intake.  I don't know what to do with the rest. I feel like he's been controlling what he eats, but clearly it isn't enough. Does anyone here see a dietician? I've always wanted him to create a strict diet plan. I know there's a plethora of information on this subreddit, but I'm also scared as much as I'm asking for help.  I've been reading some other threads and here are some things I've going to encourage/enforce my dad to do.  \- eliminate white rice and other carbs entirely and replace them with quinoa and other replacements  \- 30 minute walks after dinner. He works during other meals, so he isn't able to walk.  \- Really focus on limiting simple carbs and replacing them with fruits, veggies, meat, fibers, etc.  \- My dad snacks throughout the day. It'll be stuff like nuts like peanuts. Is this good or bad for a diabetic?     My dad's results are absolutely uncontrolled. I'd love anymore tips and advice, it's not like we have any room left to slack. I need to help my dad immediately"
How do you guys get the sensors on your terrified toddlers?,CertainButterfly4408,https://www.reddit.com/r/diabetes/comments/1ownhlh/how_do_you_guys_get_the_sensors_on_your_terrified/,"My daughter is 4 and she is terrified of the sensors.  We‚Äôre new to them and I‚Äôm trying to find a way to get it on her that doesn‚Äôt traumatize her.  The last 2 times I had to have my husband hold her so I could get it on and she was too scared of me to even come near me for the rest of the night.  Taking it off was just as bad as putting it on.  I don‚Äôt know how to put a new one on she has full blown panic attacks if I even touch her receiver at this point, but her blood sugar also tanked today at her friends house and I didn‚Äôt know because she doesn‚Äôt have a monitor on.  I know when she‚Äôs older she will understand how important it is but right now she doesn‚Äôt get that I don‚Äôt have an option.  I fucking hate this it breaks my heart that she has to deal with this for the rest of her life."
happy Diabetes day üíô,Prestigious_Flow_819,https://www.reddit.com/r/diabetes/comments/1owsaui/happy_diabetes_day/,I wish you all a wonderful day! Make sure to treat yourself to something delicious today üòâ
Nice üôè,AbleTime5905,https://www.reddit.com/r/diabetes/comments/1owv13o/nice/,Glad we have sensor to protect us üò≠
Woops!,ikurumba,https://www.reddit.com/r/diabetes/comments/1ow5t2d/woops/,I'm shaking
Glow Glucose Gummies,Mrs123wife,https://www.reddit.com/r/diabetes/comments/1ox3s4u/glow_glucose_gummies/,Has anyone tried the Tandem Glow Glucose gummies? I received a discount code for 20% off and wondering if these are any good for blood sugar lows.
A1C normal despite relatively unrestricted diet the past 3 months,jitterqueen,https://www.reddit.com/r/diabetes/comments/1owquiy/a1c_normal_despite_relatively_unrestricted_diet/,"I got diagnosed with diabetes with an A1C of 12.6% in April 2024. I went low carb straight away, started walking and lowered my A1C to 5.6% within 6 months. I have been low carb, except a few days like christmas or birthdays where I had the occassional slice of cake or some potatoes/bread. Everytime I had carbs alone, I spiked hard like in the 200s. My doctor, however, has always been insistent that I need to eat carbs. Her guideline that she gave me has examples like 2 breadrolls or 3 potatoes or 1 cup of rice for lunch. Everytime I have eaten rice, I have spiked. So I have stayed low carb for over a year.  In my last appointment in August, my A1C was at 5.7, so borderline again, but I expected that since I was in bedrest for 2 months due to an ankle fracture. She was again very insistent that I eat more carbs and if carbs spike me so much then she could increase my medication. I take metformin 500 mg once a day and I really don't want more meds. I can barely remember to take that one pill everyday.  So I thought, fuck it, I'm going to eat more carbs and when the next blood test happens the results will show her why I'm low carb. I ate *almost unrestricted* for the last three months. I ate rice, not daily but definitely more than before, I had bread regularly, I ate croissants and puff pastries for breakfast twice a week or so, I ate chocolates, snacked on chips in bed, I even had cakes and ice cream. I also finished a whole pack of Spekulatius biscuits within a week a couple weeks ago (these are full of sugar and just eating 5 spiked me to 240). I knew I was damaging my body but I wanted to prove a point really.  My blood test was on Tuesday and I just got my results. My A1C is at 5.5% and my Cholesterol has improved. I am reeling with confusion. What the fuck happened?"
Should I get a second opinion?,QuirkyPassenger5894,https://www.reddit.com/r/diabetes/comments/1ox3is2/should_i_get_a_second_opinion/,"As the title states I am wondering if I should get a second opinion...  A little backstory; I have PCOS and have been pre-diabetic for the last 10 years- if not more. A1c has hovered around 5.5-5.8 on and off. Took metformin, tried changing diet on my own and always struggled.  June of this year my A1c crawled up to 6.5 and consistently stayed there. My doc diagnosed me with T2 diabetes. It runs in the family and even though i knew that it still was a shock.  I was put on Munjaro and have been very successful. Bs is anywhere from 100-150...only ever seen it creep towards 200+ when I ate deli fried chicken or McDonald's..which id say is a normal reaction.   Just wondering if I should get a second opinion? Do I really have t2 or still prediabetic? Do doctors every undiagnose ppl with things?  Or am i just really lucky to have good results on munjaro? I fear if i ever get off it I might not be as successful managing my bs."
I need advice on transitioning out of being on a keto diet.,AccomplishedDuck4329,https://www.reddit.com/r/diabetes/comments/1ox26g2/i_need_advice_on_transitioning_out_of_being_on_a/,"After years of awful doctors I went through, who wouldn't listen to my struggle with diabetes. I finally got an endo who diagnosed me with Type 1.5, over type 1. In my early 20s I struggled so hard on keeping my blood sugar leveled, until I was 23 and had my sugars go over 400 night after night, until about new years before I turned 24, where I switched full time to a keto diet.  Ive been on a keto diet for almost 5 years now, but my last appointment with my new endo prescribed me metformin again (I was taken off it entirely bc I was told it wouldnt work when I was 20, even tho I kept telling my previous endo I had insulin resistance issues and he wouldn't help me with type 2 meds in the slightest).  Anywho, within the past couple years, it's become increasingly difficult to sustain being on keto anymore. I haven't taken my metformin that I was prescribed in september, mostly because   1. too scared to try it yet  2. I wanna build up a supply of metformin before I start  3. In the past couple months I was able to consistently keep my sugars below 200 majority of the time.  I wanna transition out of keto so bad. I have to eat a lot of food, especially meat, because Ill get severe hunger pangs if I don't. To the point that I believe it's affecting my blood pressure negatively. I have to eat a lot of salt, so I don't get those low blood pressure symptoms. And I think now I'm starting to have my blood pressure go from high to low, a lot.  Here's some points about my current medical situation  1. Im on an insulin pump (endo wants to try out me with my insulin pump on with 0.9 hourly basal)  2. I was prescribed 500mg slow-release metformin pills that Im supposed to take once a day.  Any advice would be greatly appreciated. Even if I have to take it really slow."
T2 - Remission &amp; Going off meds decision question,Ladder-Necessary,https://www.reddit.com/r/diabetes/comments/1oww7rh/t2_remission_going_off_meds_decision_question/,"This question is for those of you in remission or who could be candidates to try going off meds but choose not to.   First, definition of remission from ADA, so we're on the same page: ""This group proposed ‚Äúremission‚Äù as the most appropriate descriptive term, and HbA1c &lt;6.5% (48 mmol/mol) measured at least 3 months after cessation of glucose-lowering pharmacotherapy as the usual diagnostic criterion.  For those of you in remission or close, what A1c are you comfortable with? What informed your decision? Or, if you have tight control and continue meds, what guides that decision.   If I (33F) stop meds, I could probablyyy get a under 6.5% A1C...(5.3% for last six months since diagnosis at 10.4%, and currently trending lower-with farxiga).   But I'm not convinced I'd be in the normal range (&lt;5.7%) with meds. I also know farxiga can have other protective benefits, but also that any meds come with risks.   So, how did yall decide to try life sans meds, or why do yall continue meds? What A1c feels comfortable or risky for you?"
Why is 6.5 hba1c is considered the upper limit and cut off for detecting diabetes and not any other value ?,Sweet_Supermarket_32,https://www.reddit.com/r/diabetes/comments/1ox11ux/why_is_65_hba1c_is_considered_the_upper_limit_and/,Just a normal query ‚Ä¶ Why only this digits
Numbness in pinky toe,UnhappyBid438,https://www.reddit.com/r/diabetes/comments/1ox0qfu/numbness_in_pinky_toe/,Over the past couple weeks my left pinky toe has been feeling numb. I‚Äôve recently started a new job back in July where I‚Äôm on my feet majority of the day 10 hour days 4 days a week. But over the last two weeks my pinky toe has been feeling numb. But after walking a little bit at my job the numbness goes away after i ‚Äúwarmed up‚Äù walking around doing my morning routine. I‚Äôve been on and off dieting wise i won‚Äôt lie but im no where close to weight i was when i was first diagnosed 10 years ago. Still ways to go but better physically. I scheduled my doctor appointment for the beginning of December. But is there anything in the mean time i can do to at least help with this? im worried I‚Äôm not going to lie I‚Äôm mad at myself for letting it get this far‚Ä¶
What‚Äôs one action you‚Äôll take today for diabetes awareness?,Nathaniel_Faraon,https://www.reddit.com/r/diabetes/comments/1ox00mm/whats_one_action_youll_take_today_for_diabetes/,
Bubbl'r Sparkling Water- twisted elix'r.,metalheadgiirl,https://www.reddit.com/r/diabetes/comments/1owztrq/bubblr_sparkling_water_twisted_elixr/,
Eversense 365 CGM procedure,Wcked_Production,https://www.reddit.com/r/diabetes/comments/1owoj3o/eversense_365_cgm_procedure/,"I had the Eversense 365 CGM procedure done 16 days ago and the device has been incredible. I went through their PASS program since it wasn‚Äôt covered by my insurance which ended being $2400 but if it‚Äôs covered by your insurance then it should be $350 plus $200 for the insertion so $550. Cheaper than a year‚Äôs worth of CGM supplies. The surgery literally was about 30 seconds and painless. The first 24 hours you don‚Äôt calibrate the sensor but the next day you calibrate it 4 times every 2 hours in total 8 hours with a glucose meter which I used the Contour NeXT. After that you calibrate it once a day for 2 weeks preferably within 1-2 hours of the chosen time. Then it becomes once a week for the remainder of the year. The phone app will notify you when to calibrate it. The accuracy is great in my opinion since calibrating it, I‚Äôve been getting glucose meter readings such as 125 and 124 on the sensor. The transmitter will vibrate on your body when you go low and doesn‚Äôt have the loud alarm on the Dexcom. You can also go for a run without bringing your phone and it‚Äôll vibrate when you go low which means a lot to me because I don‚Äôt bring my phone when I run. Recommend anyone with the means to get it if you want better hypoglycemia detection, comfort, sensitive skin, less waste, and possibly cheaper than CGM supplies.  TLDR: Recommend the Eversense 365 implant because it‚Äôll last a year, less pain because no filament poking, less waste, cheaper, body vibrations instead of alarm. Any questions feel free to ask."
New numbness-is this permanent?,bergumby,https://www.reddit.com/r/diabetes/comments/1owycge/new_numbnessis_this_permanent/,"I spent the day at Disneyland yesterday and walked around 24,000 steps. Towards the end of the day, half of my big toe had gone completely numb. I had hoped that it was just a temporary thing caused by swelling or something, but I woke up this morning and it‚Äôs not any better.  For reference, my only experience with (probable) neuropathy so far has been occasional tingling in that same toe. My last A1C was 6.1"
Dear Powdered Sugar Free drink mix makers - do we really need the dye?,jbrady33,https://www.reddit.com/r/diabetes/comments/1ow8u1q/dear_powdered_sugar_free_drink_mix_makers_do_we/,"I don't care what color it is, and I'm already very aware that it's a cocktail of chemicals.   Less 'stainy' would be appreciated"
A1c 8.1% to 5.8% over 3 months,Faustian-BargainBin,https://www.reddit.com/r/diabetes/comments/1owh2wi/a1c_81_to_58_over_3_months/,"Was confused and stressed the first month after I was diagnosed but I've been fortunate, have had a good response to metformin ER and been able to afford care and foods that make this easier."
"I see a face, not very happy",dsr1972,https://www.reddit.com/r/diabetes/comments/1owf4d0/i_see_a_face_not_very_happy/,
Ugh anybody else hate the morning downs and ups just from waking up?,EmbarrassedTea1885,https://www.reddit.com/r/diabetes/comments/1owazrc/ugh_anybody_else_hate_the_morning_downs_and_ups/,So annoying. I woke up to my sugars being 92 and it showed a steady 92 throughout the night. So I thought ooooh I want an English muffin then I go drink water and 5 minutes later my sugars are at 150 üòÇüòÇ and I am like well I guess it is just eggs for me now lol. I hate the dawn phenomenon!!! Then I get depressed the rest of the day because I am very anal about my A1c staying low
"Well, crap.",sd2sp2010,https://www.reddit.com/r/diabetes/comments/1owdxgo/well_crap/,"I ate a salad, people. A SALAD!!!  For context, I went slightly low after a run, pump wouldn‚Äôt let me bolus so I started eating and then forgot until like 20 minutes later. So I had negative IOB plus wolfed down this meal. Still chasing it.   Diabetes is so fun. I‚Äôm sure it‚Äôll come crashing down any minute now and I‚Äôll be crushing skittles üòÇ"
Ozempic,KingQTip15,https://www.reddit.com/r/diabetes/comments/1owl0qy/ozempic/,Just recently got switched to ozempic and I‚Äôve been super sluggish and vomiting. Anybody else had the Same side effects and does it get better ?
Snacks for a Long Road Trip,RightWingVeganUS,https://www.reddit.com/r/diabetes/comments/1ownzgc/snacks_for_a_long_road_trip/,
What‚Äôs That One Food That‚Äôs Off Limits For You?,Complex-Art-1077,https://www.reddit.com/r/diabetes/comments/1ovq1gg/whats_that_one_food_thats_off_limits_for_you/,"For some reason, it‚Äôs cereal for me. I can eat almost any dessert as long as my blood sugar is okay and I bolus insulin, but cereal is always off limits. I was hospitalized twice due to cereal X\^D but I‚Äôve never been in the hospital ever again for diabetes since 2019 or 2020, so nearly 5 to 6 years. That was because I tried to cheat the system when I was 12/13 by eating small bowls of cereal and I thought I was so smart and could finally eat cereal again and then my BG went high and I had to go to the hospital anyway.     So moral of the story: don‚Äôt cheat the system"
Type 2 with spiking sugar,ImaginaryVacation708,https://www.reddit.com/r/diabetes/comments/1owfg37/type_2_with_spiking_sugar/,"Every morning for the last several weeks, no matter what I do my sugar spikes high. Today it spiked at 256 at 8:38 and then dropped to 66 by 10:30. I‚Äôve tried eating protein, same thing. Eating nothing, same thing. Heck I tried eating sugar to see if it would stop that hell of a Drop, same thing. Why?"
New home with stairs....New blood sugars??,Archangel33IL,https://www.reddit.com/r/diabetes/comments/1owepcx/new_home_with_stairsnew_blood_sugars/,"So I just moved in with my partner, and he lives in a townhome with three levels. I've been having this problem since I moved in where my blood sugars STAY LOW to the point that it's kind of freaking me out. Today, just to keep my blood sugar up I've eaten absolutely ridiculous things I'd never eat. My friend thinks that all the extra movement up and down the stairs is to blame. Has anyone else experienced this? I'm literally trying to talk to my endo about maybe bringing down my dose. I can't keep eating like this everyday just to not tank my BSug too low. Help!"
Need help finding CGM,Otherwise_Tower2663,https://www.reddit.com/r/diabetes/comments/1owlub3/need_help_finding_cgm/,"Hi, so to preface, I don‚Äôt have diabetes and I'm not super knowledgeable about the correct terminology (please correct me). My boyfriend moved to Australia this year and has diabetes, and he's unsure where to buy this kind of product. I tried researching online, but I wasn‚Äôt sure how reputable the websites were. I would really appreciate it if someone could help guide me on what to do or where to find them. Or is this something he should see a doctor about and have them recommend a brand?"
Need help comparing two pumps,dozen_gardens,https://www.reddit.com/r/diabetes/comments/1owi6am/need_help_comparing_two_pumps/,"Im a t1d and I‚Äôm going to have to upgrade my insulin pump before I go to college. I‚Äôve had t1d since I was 4 and I‚Äôve had my current insulin pump for 6 years, a tandem t:slim. I‚Äôm either getting a new tandem pump or another one, and I‚Äôm heavily considering the Medtronic with their new libre 3 disguised under another name sensor. Does anyone have any experience or knowledge on BOTH to compare them? Or anything notable one does the other doesn‚Äôt and how it might be good/bad? Same with dexcom (what I use now) versus libre (what I‚Äôd have to use if I switched)?  Edit: typo"
5 month expired test strips,Green_Economy_850,https://www.reddit.com/r/diabetes/comments/1ow2ti7/5_month_expired_test_strips/,burned through my first supply of test strips due to faulty CGM (Libre 2) always showing 60-50 when it‚Äôs actually &gt;140 and had to get one from the pharmacy. Does it still give accurate numbers?
1.5 and switching to insulin.,the_angry_avocado,https://www.reddit.com/r/diabetes/comments/1ow86hg/15_and_switching_to_insulin/,My A1c is now 11.3. My GP wants me to see my endo about switching to insulin. I‚Äôve lost 125lbs in an effort to improve a1c when we thought I was still type 2. I am really worried about gaining weight with insulin. I know someone who is 1.5 and taking insulin and Ozempic. Is there anyone who is 1.5 and takes ozempic or oral meds along with insulin? Also is the an insulin that causes at least less weight gain?
"one of us, one of us!",blackjoelblack,https://www.reddit.com/r/diabetes/comments/1ovk0kz/one_of_us_one_of_us/,
I'm crying...,Electrical_Loquat165,https://www.reddit.com/r/diabetes/comments/1owska6/im_crying/,My A1C jumped to 6.5 from  6.4. I was really hoping it'll go in the other direction The holidays is a wrap for me ü´§ venting
Blood after inserting sensor,Obstacle_cause,https://www.reddit.com/r/diabetes/comments/1owcyey/blood_after_inserting_sensor/,"Sorry i can't reply get a good pic, this is the first time this has happened so there is/was blood in the middle bit and don't have a spare is this okay/safe to keep on?"
High a1c,Conscious_Yam_5204,https://www.reddit.com/r/diabetes/comments/1owc1in/high_a1c/,"Hello everyone! I (F 28) have been dealing with a problem and would appreciate any kind of advice. Last year my a1c was 5.1 and fasting blood sugar 78. Never even thought about diabetes. Then i developed severe panic disorder and a bad habit of binging juice, sugar, honey, milk or any high carb food you can think of every hour or two day and night as i couldn‚Äôt sleep. This happened because a doctor told me my blood sugar is kinda low all day and my panicked self spiraled. I couldn‚Äôt sleep and also developed  agoraphobia.  In October this year i decided to test my a1c again even though my doctor said i just need to calm down. The result was 7.33 and I completely lost it. I bought a glucose monitor as advised by my doctor and cut all added sugar and white bread. Since changing my diet, my blood sugar has been maximum 144 1,5 hours after a heavier meal and 116 at 2 hours. Normal meal like chicken and salad and quinoa the peak is 120-130 then it comes down. My doctor said since my a1c reached this level I am a permanent diabetic. My new doctor daud it was situational due to high sugar intake hourly and i should recover if i eat normally. I really do not know what to believe and am at my darkest point. Please if anyone has any advice/opinion, I would deeply appreciate it. Thank you in advance for reading all this and I wish good health to anyone struggling."
Diabetes management program cost?,Traditional_Bison408,https://www.reddit.com/r/diabetes/comments/1owgy4y/diabetes_management_program_cost/,Which all brands/companies run diabetes management program in US and how much do it cost?  Which one is best?
Omnipod and iPhone 17 is here!,JGKSAC,https://www.reddit.com/r/diabetes/comments/1owa5mt/omnipod_and_iphone_17_is_here/,
Supply Order Delay,DCcoffeelover,https://www.reddit.com/r/diabetes/comments/1ow9ra7/supply_order_delay/,I‚Äôm enrolled in the auto refill program with tandem for my insulin pump supplies. Last week I received an email indicating my supplies were ready to be shipped and to look out for shipping information. Is been a week and no update. I called them and they have no idea why my order has not shipped nor can they give me an answer on when it will ship. Very frustrated because I followed their instructions and they can‚Äôt get me my stuff on time
Proud of myself,ApocalypsePony1992,https://www.reddit.com/r/diabetes/comments/1ov7xhw/proud_of_myself/,"Wasn't taking my health seriously until I got my leg amputated 3 months ago. At that time my A1C was an 11.2, just got it done again and I am down to a 5.1. I also went from 198 pounds down to 163, so lost 35 pounds, 25 if you don't count the leg, haha! I also went from using 20 units of fast acting per meal down to 3 as of today. Hopefully I will be off of it entirely here soon and then I can start working on getting off of my long acting. Now I just have to wait two more weeks for my leg and I can finally start walking again!  Edit for spelling"
Be Honest,AnalysisOne1887,https://www.reddit.com/r/diabetes/comments/1ovi7hp/be_honest/,"How often do you change your lancet in your lancing device?  Honestly, I think I change mine once a year‚Ä¶twice if I am feeling bougie üòÇ"
"no longer hungry with mounjaro, its a struggle-",kaicxre,https://www.reddit.com/r/diabetes/comments/1ovmqrv/no_longer_hungry_with_mounjaro_its_a_struggle/,"i mean, its improved my sugars like amazingly. even looking at a plate of rice would spike them high into the 20s, but now i could probably eat an entire pack of pure sweets and it'd barely kiss them, its amazing.  but its also just stopping me from eating, which i don't think is a very good thing. i already struggled to remembered to eat before (adhd goes brrr) and i'd rely on hungry tummy doing what hungry tummys do, but i no longer get the feeling anymore, and i don't know how to remedy that.  its not a case of ""oh, just set times to eat food"" either, since the other thing is that i still feel full from whatever meal i ate before. its 12.30am on a thursday, yet i still feel full from when i ate at 7.30pm on tuesday, and trying to force myself to eat a meal is near impossible because i'm just not wanting food. at most i can eat a small snack (which is what i had been doing today)  i just wanted to ask if anyone else is having this same sorta thing with mounjaro and if they have any tips of solutions to remedy such a thing"
G7 vs Libre: which is better for keeping track of your child?,judgeharoldtstone,https://www.reddit.com/r/diabetes/comments/1ow1j0f/g7_vs_libre_which_is_better_for_keeping_track_of/,What are your thoughts on which is better between these two? We have used dexcom ever since my kid has been diagnosed with type 1 so we don‚Äôt know how well the freestyle libre works. We might need to switch to libre because our insurance might only cover that one soon.   Anyone out there who has used both do you have any positive thoughts on libre? Also what are the differences?  Thanks
"Just diagnosed with type 2 diabetes today, my bday is next week, family coming in town, and I am absolutely freaking out.",earthcasey,https://www.reddit.com/r/diabetes/comments/1ovl3v2/just_diagnosed_with_type_2_diabetes_today_my_bday/,"Hi all - I (36M) just got told I officially have type 2 diabetes today. I feel somewhere between completely numb and totally freaking out. Reading some of the posts in here today definitely helped a little bit but there‚Äôs just SO much information that it‚Äôs overwhelming.  Having a moment of true grief, mourning what could have been, things I could have done to keep this from happening, etc, while also feeling shame and disappointment in myself and guilt for my amazing wife and how supportive of me she always is. DISCLAIMER: I‚Äôm in touch with reality enough to understand I‚Äôm being super dramatic and that this is not a death sentence at all.   I could just use some compassion, some guidance on where to start, any helpful tips, stories‚Ä¶.books maybe?? Truly anything that I can begin with. I do have a relative plan to change diet and exercise but can always use a refresher and advice. I‚Äôm an open book.  This just feels so daunting and like my life will never be the same. My friendships and relationship all love and move around food a lot, as a lot of others do, so that certainly doesn‚Äôt help. Kind of lost, searching in the dark and looking at this community for some hopium and copium lol."
T2D just started Wegovy (0.25mg) and happy so far!,VolCata,https://www.reddit.com/r/diabetes/comments/1ow0wsl/t2d_just_started_wegovy_025mg_and_happy_so_far/,"It's been little under two weeks on Wegovy and I'm pleased to see a 4kg drop so far. Like yeah I imagine some of that will be water weight but it is nice to see anyway.   Having gone on this medication, mostly to help with my blood sugar - I've seen my blood glucose drop from hovering around 11.5-14 mmol/L to between 7-9 mmol/L. Of course there's A LOT of room for improvement but hey. We are slowly getting there and will do as I lose more weight.   Before Wegovy, I tried toying around with a very low calorie diet (VLCD) involving shakes and soups which wasn't all that helpful or successful tbh.   Constipation and on/off fatigue aside, I've found the two weeks on this medication so much better. I do actually feel like I've more energy at times and much less run down than I did before. I'm also enjoying the gradual shift in all of those numbers!"
Treatment-induced neuropathy (TIND),Emotional-Pen3085,https://www.reddit.com/r/diabetes/comments/1ovrxe5/treatmentinduced_neuropathy_tind/,"I'll keep this as short as possible. I am 35 and was diagnosed with T1 in my mid-20s. I maintained pretty good control for many years, with my A1C bouncing between 5 and 6. I went off the rails a couple of years ago after developing severe anxiety over hypos (specifically one that occurred just after a basal injection, which mortified me) and as a result, began letting my BG run far too high. I finally started seeing a therapist a few months ago to deal with this and have gotten less afraid of taking my insulin and been more aggressive. Two months ago my A1C was nearly 15 (yeah,¬†*I know*) but I have since brought it down to 10 and am continuing to make progress.  In the last week,, I have begun experiencing pretty noticeable numbness in my feet (specifically around my big toe, especially on my left foot) and tingling/pins-and-needles/burning sensations. When my BG was at its worst, I had occasional foot irritation but not this level of sensations, specifically the numbness. It really alarmed me because it seemed to come out of nowhere and I know that my A1C is going in the right direction.  I did some reading and it appears that some people experience something known as ""treatment-induced diabetic neuropathy"" which comes on when A1C levels are lowered more than 2-3% in a relatively short timespan. I suspect this is what I am experiencing as it seems to make sense with the timing of things. What scares me is that in many people's accounts of this phenomenon, they describe it as becoming unbearably painful and I fear that as my BG improves, the pain/numbness is going to get much worse. I read that the suggestion for avoiding TIND is to lower the A1C gradually (i.e. around 2% every three months or so), but at that rate it would take me far longer than I'd like to bring things back to some semblance of normalcy.  I am seeing a diabetes educator this week to help further get myself on track and am wondering if they may be a good resource to talk about this. I see my endocrinologist again in a little less than two months. Based on the timing and progress, I cannot help but think that TIND is what I am experiencing. Strangely, I'd never heard of it before, nor has my endocrinologist ever mentioned it. I am curious if anyone else here has experienced this and has any insight or stories. As I said, it seemed to come on out of nowhere and it frankly really freaked me out."
Is it garmin or LinX CGM app problem?,ko_notiek,https://www.reddit.com/r/diabetes/comments/1ovw725/is_it_garmin_or_linx_cgm_app_problem/,"Hi. Recently acquired LinX CGM sensor and installed app on my Xiaomi 14T Pro.  I have notifications enabled and app is sending low/high alerts to my Garmin vivoactive 6 watch without problems, but the permanent floating notification that sits in my phone and watch that is supposed to show my glucose level in blood - is just empty field. Phone shows gray number with mmol/L , but watch is showing just LinX notification as seen in images but is empty.  I'm thinking this is LinX app issue that is sending some weird color code to garmin, or it can be something else that garmin doesn't have access to? I have written to my LinX CGM retailer and garmin support about this also."
Blood sugar rises after I jog???,Hot_Valuable1027,https://www.reddit.com/r/diabetes/comments/1ovm97f/blood_sugar_rises_after_i_jog/,"My blood sugar was at 108, but after I ran around the neighborhood for 1 hour my blood sugar went up to 121? Very confused... I'm trying to keep my blood sugar in the normal 100s...."
"Can‚Äôt get a 7, 14, or 30 day report on my Libre 3 +",Big-Law3665,https://www.reddit.com/r/diabetes/comments/1ovuqcw/cant_get_a_7_14_or_30_day_report_on_my_libre_3/,
Why is my mouth always dry and hot even though my blood sugar is fine?,Complex-Art-1077,https://www.reddit.com/r/diabetes/comments/1ovp6qr/why_is_my_mouth_always_dry_and_hot_even_though_my/,My blood sugar is fine. I always drink water. I don‚Äôt breathe through my mouth. I always brush my teeth thoroughly twice a day. But it‚Äôs always like this. I don‚Äôt even know why. I asked my parents they said it might have something to do with diabetes. And other than the diabetes I don‚Äôt have any other medical conditions. &lt;=\^(
What should my dad eat to hide his high blood sugar? They will fire him (not asking for a medical advice just eating tricks),OtherIngenuity5728,https://www.reddit.com/r/diabetes/comments/1ow3ina/what_should_my_dad_eat_to_hide_his_high_blood/,My dad's work is strict you should have no high blood sugar or else they will fire you (he works at the oil company) today he wanted to use the gym membership of his job  and they tested his blood sugar it showed that he has diabetes   we already knew his blood sugar was high but somehow he could hide it w not eating and stuff but it didn't work this time. we have no other income he has to work   Did anyone ever used any tricks that can deceive the test? He has to give another test tomorrow if he has they will fire him   Edit : he is a supervisor so he is not doing hard work where he climbs and fixes stuff so i don't think it's that dangerous   I asked my dad just now he said that one of his responsibilities as a supervisor is being a lifeguard    I don't live in America    Okay Im a bit tired of replying I read it all and ik I'm not educated enough I apologize now ik but he still has to work bc he has no other option no one picks a 50 y old
"Diagnosed in July with an A1c of 9.3, down to 5.8 as of yesterday!",Devils_fan_1999,https://www.reddit.com/r/diabetes/comments/1ovhx8j/diagnosed_in_july_with_an_a1c_of_93_down_to_58_as/,
Seeking advice for a friend with 2 young daughters newly diagnosed,Advance_Tasty,https://www.reddit.com/r/diabetes/comments/1ovqqv6/seeking_advice_for_a_friend_with_2_young/,
Fasting period 9am to 3PM usually BUT i break it sometimes in eveing - should I skip breakfaast or stick to routine ?,Existing-Molasses-45,https://www.reddit.com/r/diabetes/comments/1ovusvw/fasting_period_9am_to_3pm_usually_but_i_break_it/,
Anyone on Trajenta / Tradjenta?,SolidLava99,https://www.reddit.com/r/diabetes/comments/1ovmphn/anyone_on_trajenta_tradjenta/,
A website for comparison,Apprehensive-Limit-7,https://www.reddit.com/r/diabetes/comments/1ovmmbu/a_website_for_comparison/,"Does there exist a website where one can enter a bunch of data points, such as weight height ethnicity, diets etc, as well as medication and treatments and compare them against other to see if potentially more effective treatment options exist?"
Do you ever feel judged when needing to use insulin in public?,EmbarrassedTea1885,https://www.reddit.com/r/diabetes/comments/1ouu5c8/do_you_ever_feel_judged_when_needing_to_use/,Like if I realize that my sugars are high and I am at a restaurant and need to inject insulin I feel like people who see me think I am a heroine addict or something lol. Does anybody else feel like this? Like if I am in town all day (I walk because I feel like it is better for my diabetes so I don't have a car to go to) and need insulin and there is no bathroom in sight. What do you guys do? I don't have a pump so I need to inject before every meal.
Diabetes with LibreLink,crazy_yus,https://www.reddit.com/r/diabetes/comments/1oviadj/diabetes_with_librelink/,
How Much Insulin Are You Taking Per Day?,Ok-Tumbleweed-7378,https://www.reddit.com/r/diabetes/comments/1ov7igx/how_much_insulin_are_you_taking_per_day/,"My endocrinologist just increased my basal and bolus rates again on my insulin pump. Its taking 20 - 25 units of insulin per meal to cover 45 carbs, and that puts me in the 200s. I would have to bolus more to get in the 100s but Im afraid of going low. Anyway, with boluses for meals and boluses for non meal corrections, I‚Äôm taking around 100 units of insulin per day, and thats not including my basal rate. Is that normal? It seems like a lot to me but maybe its not."
Auvon update. Test Strips expected to be restocked this week.,ActionFilmsFan1995,https://www.reddit.com/r/diabetes/comments/1ov60q1/auvon_update_test_strips_expected_to_be_restocked/,
Whee can i buy Mounjaro 15 mg in the Philippines,I_am_Elle23,https://www.reddit.com/r/diabetes/comments/1ovcrn3/whee_can_i_buy_mounjaro_15_mg_in_the_philippines/,"I‚Äôm a user and went home to the Philippines for a few days, don‚Äôt know where to buy"
Does anyone else find that OP5 Automated Mode skyrockets their risk of hypos during exercise?,DISAPPOINTING_FAIRY,https://www.reddit.com/r/diabetes/comments/1ov9pwv/does_anyone_else_find_that_op5_automated_mode/,"I really don't know what it is, but sustained cardio of pretty much any intensity will cause a huge, day-interrupting low if I don't watch my CGM like a hawk. Even something as light as walking the dog or raking leaves will cause a single down-arrow within 20 minutes. This doesn't seem to happen the same way when I put it in manual mode, there is still a drop from the exercise but it doesn't seem anywhere near as steep and it also doesn't seem to carry the same momentum. If I don't catch an Automated Mode low before the graph turns red, I'll be out of commission for an hour or more, but the Manual Mode exercise lows seem much easier to fix.   Also yes, I have tried Activity Mode and honestly I can't see an improvement.  Also, a more general exercise-related question: is it normal to have your BG drop so fast during intense cardio that you literally cannot consume glucose fast enough to offset it? I've had experiences while running where I start absolutely chugging grape juice or gatorade when my BG is 150 and there is absolutely nothing that can keep it out of the red other than stopping running."
Does anybody else get angry when they have to have a snack before bed?,RandomThyme,https://www.reddit.com/r/diabetes/comments/1oupzw6/does_anybody_else_get_angry_when_they_have_to/,"I don't know if it is just me but there is nothing more annoying when I'm getting ready for bed and discover that I need to have a snack when my last finger poke of the day comes back below 5.0mmol.   All I want to do is go to bed. I don't want to spend the time or energy figuring out what is quick and easy to make and won't send me too high but that also takes less then 20min to put together and eat.  Tonight it was NSA chocolate pudding (which is about 10 carbs) and a piece of cheese. Probably wasn't enough bit it was all I had the energy for.  Having a day off midweek has caused changes to my routine and made keeping my sugar from bottoming out a huge pain in the ass today.   Well, off to bed."
Fasting glucose is between 100-103 while daytime and bedtime glucose are mostly between 88- 97,Ishthegood,https://www.reddit.com/r/diabetes/comments/1ov65z1/fasting_glucose_is_between_100103_while_daytime/,
Seeking advice,TheGirthy420,https://www.reddit.com/r/diabetes/comments/1ouxsik/seeking_advice/,"So the past 4 years has been a roller coaster. Found out I was a type 2 diabetic (diagnosed by my general doctor) and it took a very long time to get me into an Endocrinologist. There was a 1 year wait list on my families endo and it wasn‚Äôt until about 2 years after my original diagnosis that I found out I‚Äôm actually a type 1. I‚Äôve been on the Omnipod since January and it‚Äôs been good and bad. Ignoring the good for right now I‚Äôm having a huge problem with my pumps falling off mainly at night while I‚Äôm sleeping but occasionally at work as well. I‚Äôm a mechanic so a times I can get sweaty but I‚Äôm also constantly getting up, down, in, out and all around so occasionally it gets caught on something and falls off too. I‚Äôve just got some over patches for them and I‚Äôve had 2 fall off at night and once at work. We even have an ac unit in our room to prevent me from getting too hot at night. I just feel stuck especially since the it feels like I‚Äôm having constant problems and I‚Äôm out of solutions."
Do you go through uncontrollable hunger phases?,HelicopterClassic509,https://www.reddit.com/r/diabetes/comments/1ouou2k/do_you_go_through_uncontrollable_hunger_phases/,"I‚Äôve been hungrier lately, and even though I do strength training Ive been putting on weight very rapidly. Not necessarily muscle or fat gain, my body is just getting bigger at a fast pace that my sizes are changing. How do you deal with that?"
Switching from dexcom g6 to guardian 4,Sea_Permission1801,https://www.reddit.com/r/diabetes/comments/1ov4oe1/switching_from_dexcom_g6_to_guardian_4/,"Hi everyone, I've been type 1 diabetic for 16 years and I used the 640g pump with guardian sensor for a long time. The pump was fine but the sensor was so bad it was not usable. 5 years ago I switched to omnipod dash and dexcom g6 and it was great. Now my doctor wants me to switch to 780g. I'm excited about the new pump but that means I would need to use the guardian again. Last time I had guardian sensor it lost connection all the time and often gave inaccurate readings. It is also really difficult to put on by yourself. I have grown from a teenager to a young adult in the time I have used dexcom so I'm hoping the guardian will work better for me now. I would really appreciate your experiences and possible tips living with the guardian sensor. I'm also a swimmer so would like to hear about swimming with the guardian. (Also, I would switch to the guardian 4 but I have previously used an older model.)"
Google could make Android 17 work better with life-saving medical devices,panic_poo,https://www.reddit.com/r/diabetes/comments/1out4kx/google_could_make_android_17_work_better_with/,
"Ok, My Sugar Is Down But......",Dragon3766,https://www.reddit.com/r/diabetes/comments/1ov0xmh/ok_my_sugar_is_down_but/,"I managed to get my sugar down from the 200s down to 83 this morning and staying around this level but for some reason I can't sleep, does anyone have this problem?  I'm eating the right foods and even slipping in a little sweets here and there, but i don't feel any better and I can hardly sleep.  I don't understand what's happening and could use some advice. Please!"
