Title,Author,URL
100 lbs down today,Eeyore_,https://www.reddit.com/r/diabetes/comments/1owypjq/100_lbs_down_today/
I can‚Äôt stop drinking water but my stomach hurts from it,Wrong-Ear-7909,https://www.reddit.com/r/diabetes/comments/1owu5zg/i_cant_stop_drinking_water_but_my_stomach_hurts/
11 Month Update,tow-avvay,https://www.reddit.com/r/diabetes/comments/1ox1gkk/11_month_update/
Any one else having hydration issues now it's winter?,Zealousideal-Web5346,https://www.reddit.com/r/diabetes/comments/1ox3fld/any_one_else_having_hydration_issues_now_its/
Nausea and tummy pain from metformin any suggestions?,MizBHaven7,https://www.reddit.com/r/diabetes/comments/1ox0gny/nausea_and_tummy_pain_from_metformin_any/
A1c and doctors,shadow997ca,https://www.reddit.com/r/diabetes/comments/1ox41ry/a1c_and_doctors/
"girlfriend has t1d, i need advice",negesserit,https://www.reddit.com/r/diabetes/comments/1ox8nqk/girlfriend_has_t1d_i_need_advice/
My dad's recent blood test has me scared for him,teggyteggy,https://www.reddit.com/r/diabetes/comments/1ox7uj2/my_dads_recent_blood_test_has_me_scared_for_him/
How do you guys get the sensors on your terrified toddlers?,CertainButterfly4408,https://www.reddit.com/r/diabetes/comments/1ownhlh/how_do_you_guys_get_the_sensors_on_your_terrified/
happy Diabetes day üíô,Prestigious_Flow_819,https://www.reddit.com/r/diabetes/comments/1owsaui/happy_diabetes_day/
Nice üôè,AbleTime5905,https://www.reddit.com/r/diabetes/comments/1owv13o/nice/
Woops!,ikurumba,https://www.reddit.com/r/diabetes/comments/1ow5t2d/woops/
Glow Glucose Gummies,Mrs123wife,https://www.reddit.com/r/diabetes/comments/1ox3s4u/glow_glucose_gummies/
A1C normal despite relatively unrestricted diet the past 3 months,jitterqueen,https://www.reddit.com/r/diabetes/comments/1owquiy/a1c_normal_despite_relatively_unrestricted_diet/
Should I get a second opinion?,QuirkyPassenger5894,https://www.reddit.com/r/diabetes/comments/1ox3is2/should_i_get_a_second_opinion/
I need advice on transitioning out of being on a keto diet.,AccomplishedDuck4329,https://www.reddit.com/r/diabetes/comments/1ox26g2/i_need_advice_on_transitioning_out_of_being_on_a/
T2 - Remission &amp; Going off meds decision question,Ladder-Necessary,https://www.reddit.com/r/diabetes/comments/1oww7rh/t2_remission_going_off_meds_decision_question/
Why is 6.5 hba1c is considered the upper limit and cut off for detecting diabetes and not any other value ?,Sweet_Supermarket_32,https://www.reddit.com/r/diabetes/comments/1ox11ux/why_is_65_hba1c_is_considered_the_upper_limit_and/
Numbness in pinky toe,UnhappyBid438,https://www.reddit.com/r/diabetes/comments/1ox0qfu/numbness_in_pinky_toe/
What‚Äôs one action you‚Äôll take today for diabetes awareness?,Nathaniel_Faraon,https://www.reddit.com/r/diabetes/comments/1ox00mm/whats_one_action_youll_take_today_for_diabetes/
Bubbl'r Sparkling Water- twisted elix'r.,metalheadgiirl,https://www.reddit.com/r/diabetes/comments/1owztrq/bubblr_sparkling_water_twisted_elixr/
Eversense 365 CGM procedure,Wcked_Production,https://www.reddit.com/r/diabetes/comments/1owoj3o/eversense_365_cgm_procedure/
New numbness-is this permanent?,bergumby,https://www.reddit.com/r/diabetes/comments/1owycge/new_numbnessis_this_permanent/
Dear Powdered Sugar Free drink mix makers - do we really need the dye?,jbrady33,https://www.reddit.com/r/diabetes/comments/1ow8u1q/dear_powdered_sugar_free_drink_mix_makers_do_we/
A1c 8.1% to 5.8% over 3 months,Faustian-BargainBin,https://www.reddit.com/r/diabetes/comments/1owh2wi/a1c_81_to_58_over_3_months/
"I see a face, not very happy",dsr1972,https://www.reddit.com/r/diabetes/comments/1owf4d0/i_see_a_face_not_very_happy/
Ugh anybody else hate the morning downs and ups just from waking up?,EmbarrassedTea1885,https://www.reddit.com/r/diabetes/comments/1owazrc/ugh_anybody_else_hate_the_morning_downs_and_ups/
"Well, crap.",sd2sp2010,https://www.reddit.com/r/diabetes/comments/1owdxgo/well_crap/
Ozempic,KingQTip15,https://www.reddit.com/r/diabetes/comments/1owl0qy/ozempic/
Snacks for a Long Road Trip,RightWingVeganUS,https://www.reddit.com/r/diabetes/comments/1ownzgc/snacks_for_a_long_road_trip/
What‚Äôs That One Food That‚Äôs Off Limits For You?,Complex-Art-1077,https://www.reddit.com/r/diabetes/comments/1ovq1gg/whats_that_one_food_thats_off_limits_for_you/
Type 2 with spiking sugar,ImaginaryVacation708,https://www.reddit.com/r/diabetes/comments/1owfg37/type_2_with_spiking_sugar/
New home with stairs....New blood sugars??,Archangel33IL,https://www.reddit.com/r/diabetes/comments/1owepcx/new_home_with_stairsnew_blood_sugars/
Need help finding CGM,Otherwise_Tower2663,https://www.reddit.com/r/diabetes/comments/1owlub3/need_help_finding_cgm/
Need help comparing two pumps,dozen_gardens,https://www.reddit.com/r/diabetes/comments/1owi6am/need_help_comparing_two_pumps/
5 month expired test strips,Green_Economy_850,https://www.reddit.com/r/diabetes/comments/1ow2ti7/5_month_expired_test_strips/
1.5 and switching to insulin.,the_angry_avocado,https://www.reddit.com/r/diabetes/comments/1ow86hg/15_and_switching_to_insulin/
"one of us, one of us!",blackjoelblack,https://www.reddit.com/r/diabetes/comments/1ovk0kz/one_of_us_one_of_us/
I'm crying...,Electrical_Loquat165,https://www.reddit.com/r/diabetes/comments/1owska6/im_crying/
Blood after inserting sensor,Obstacle_cause,https://www.reddit.com/r/diabetes/comments/1owcyey/blood_after_inserting_sensor/
High a1c,Conscious_Yam_5204,https://www.reddit.com/r/diabetes/comments/1owc1in/high_a1c/
Diabetes management program cost?,Traditional_Bison408,https://www.reddit.com/r/diabetes/comments/1owgy4y/diabetes_management_program_cost/
Omnipod and iPhone 17 is here!,JGKSAC,https://www.reddit.com/r/diabetes/comments/1owa5mt/omnipod_and_iphone_17_is_here/
Supply Order Delay,DCcoffeelover,https://www.reddit.com/r/diabetes/comments/1ow9ra7/supply_order_delay/
Proud of myself,ApocalypsePony1992,https://www.reddit.com/r/diabetes/comments/1ov7xhw/proud_of_myself/
Be Honest,AnalysisOne1887,https://www.reddit.com/r/diabetes/comments/1ovi7hp/be_honest/
"no longer hungry with mounjaro, its a struggle-",kaicxre,https://www.reddit.com/r/diabetes/comments/1ovmqrv/no_longer_hungry_with_mounjaro_its_a_struggle/
G7 vs Libre: which is better for keeping track of your child?,judgeharoldtstone,https://www.reddit.com/r/diabetes/comments/1ow1j0f/g7_vs_libre_which_is_better_for_keeping_track_of/
"Just diagnosed with type 2 diabetes today, my bday is next week, family coming in town, and I am absolutely freaking out.",earthcasey,https://www.reddit.com/r/diabetes/comments/1ovl3v2/just_diagnosed_with_type_2_diabetes_today_my_bday/
T2D just started Wegovy (0.25mg) and happy so far!,VolCata,https://www.reddit.com/r/diabetes/comments/1ow0wsl/t2d_just_started_wegovy_025mg_and_happy_so_far/
Treatment-induced neuropathy (TIND),Emotional-Pen3085,https://www.reddit.com/r/diabetes/comments/1ovrxe5/treatmentinduced_neuropathy_tind/
Is it garmin or LinX CGM app problem?,ko_notiek,https://www.reddit.com/r/diabetes/comments/1ovw725/is_it_garmin_or_linx_cgm_app_problem/
Blood sugar rises after I jog???,Hot_Valuable1027,https://www.reddit.com/r/diabetes/comments/1ovm97f/blood_sugar_rises_after_i_jog/
"Can‚Äôt get a 7, 14, or 30 day report on my Libre 3 +",Big-Law3665,https://www.reddit.com/r/diabetes/comments/1ovuqcw/cant_get_a_7_14_or_30_day_report_on_my_libre_3/
Why is my mouth always dry and hot even though my blood sugar is fine?,Complex-Art-1077,https://www.reddit.com/r/diabetes/comments/1ovp6qr/why_is_my_mouth_always_dry_and_hot_even_though_my/
What should my dad eat to hide his high blood sugar? They will fire him (not asking for a medical advice just eating tricks),OtherIngenuity5728,https://www.reddit.com/r/diabetes/comments/1ow3ina/what_should_my_dad_eat_to_hide_his_high_blood/
"Diagnosed in July with an A1c of 9.3, down to 5.8 as of yesterday!",Devils_fan_1999,https://www.reddit.com/r/diabetes/comments/1ovhx8j/diagnosed_in_july_with_an_a1c_of_93_down_to_58_as/
Seeking advice for a friend with 2 young daughters newly diagnosed,Advance_Tasty,https://www.reddit.com/r/diabetes/comments/1ovqqv6/seeking_advice_for_a_friend_with_2_young/
Fasting period 9am to 3PM usually BUT i break it sometimes in eveing - should I skip breakfaast or stick to routine ?,Existing-Molasses-45,https://www.reddit.com/r/diabetes/comments/1ovusvw/fasting_period_9am_to_3pm_usually_but_i_break_it/
Anyone on Trajenta / Tradjenta?,SolidLava99,https://www.reddit.com/r/diabetes/comments/1ovmphn/anyone_on_trajenta_tradjenta/
A website for comparison,Apprehensive-Limit-7,https://www.reddit.com/r/diabetes/comments/1ovmmbu/a_website_for_comparison/
Do you ever feel judged when needing to use insulin in public?,EmbarrassedTea1885,https://www.reddit.com/r/diabetes/comments/1ouu5c8/do_you_ever_feel_judged_when_needing_to_use/
Diabetes with LibreLink,crazy_yus,https://www.reddit.com/r/diabetes/comments/1oviadj/diabetes_with_librelink/
How Much Insulin Are You Taking Per Day?,Ok-Tumbleweed-7378,https://www.reddit.com/r/diabetes/comments/1ov7igx/how_much_insulin_are_you_taking_per_day/
Auvon update. Test Strips expected to be restocked this week.,ActionFilmsFan1995,https://www.reddit.com/r/diabetes/comments/1ov60q1/auvon_update_test_strips_expected_to_be_restocked/
Whee can i buy Mounjaro 15 mg in the Philippines,I_am_Elle23,https://www.reddit.com/r/diabetes/comments/1ovcrn3/whee_can_i_buy_mounjaro_15_mg_in_the_philippines/
Does anyone else find that OP5 Automated Mode skyrockets their risk of hypos during exercise?,DISAPPOINTING_FAIRY,https://www.reddit.com/r/diabetes/comments/1ov9pwv/does_anyone_else_find_that_op5_automated_mode/
Does anybody else get angry when they have to have a snack before bed?,RandomThyme,https://www.reddit.com/r/diabetes/comments/1oupzw6/does_anybody_else_get_angry_when_they_have_to/
Fasting glucose is between 100-103 while daytime and bedtime glucose are mostly between 88- 97,Ishthegood,https://www.reddit.com/r/diabetes/comments/1ov65z1/fasting_glucose_is_between_100103_while_daytime/
Seeking advice,TheGirthy420,https://www.reddit.com/r/diabetes/comments/1ouxsik/seeking_advice/
Do you go through uncontrollable hunger phases?,HelicopterClassic509,https://www.reddit.com/r/diabetes/comments/1ouou2k/do_you_go_through_uncontrollable_hunger_phases/
Switching from dexcom g6 to guardian 4,Sea_Permission1801,https://www.reddit.com/r/diabetes/comments/1ov4oe1/switching_from_dexcom_g6_to_guardian_4/
Google could make Android 17 work better with life-saving medical devices,panic_poo,https://www.reddit.com/r/diabetes/comments/1out4kx/google_could_make_android_17_work_better_with/
"Ok, My Sugar Is Down But......",Dragon3766,https://www.reddit.com/r/diabetes/comments/1ov0xmh/ok_my_sugar_is_down_but/
Hba1c update,Sea-Professional-310,https://www.reddit.com/r/diabetes/comments/1oust85/hba1c_update/
I‚Äôve been diagnosed with diabetes type 1 three weeks ago and I‚Äôm scared,Icy_Excitement6750,https://www.reddit.com/r/diabetes/comments/1ouqowj/ive_been_diagnosed_with_diabetes_type_1_three/
Diabetic Frozen Yogurt never tasted so good... but I had to make it myself.,Friendly-Caramel4947,https://www.reddit.com/r/diabetes/comments/1oufd3x/diabetic_frozen_yogurt_never_tasted_so_good_but_i/
Body mass (muscles) decreasing significantly,Lost_Wear_8765,https://www.reddit.com/r/diabetes/comments/1ougupf/body_mass_muscles_decreasing_significantly/
Worried wife lower my potassium intake shot up BS,NYCBirdy,https://www.reddit.com/r/diabetes/comments/1ouxrz0/worried_wife_lower_my_potassium_intake_shot_up_bs/
Trying to figure it out,LaToune65,https://www.reddit.com/r/diabetes/comments/1oupwpd/trying_to_figure_it_out/
Insulin resistance/diabetes,meggypoo6,https://www.reddit.com/r/diabetes/comments/1oun13b/insulin_resistancediabetes/
Are you prepared for a low sugar episode?  You need to be.,irisrob,https://www.reddit.com/r/diabetes/comments/1ov6a74/are_you_prepared_for_a_low_sugar_episode_you_need/
Intermittent fasting,frustrated_genx,https://www.reddit.com/r/diabetes/comments/1ouwc9a/intermittent_fasting/
Exhaustion from Diabetes?,GrantAZ,https://www.reddit.com/r/diabetes/comments/1oupvdz/exhaustion_from_diabetes/
Well that's a surprise,JerkinDepenisVance,https://www.reddit.com/r/diabetes/comments/1oucwh0/well_thats_a_surprise/
Success story! A1C down to 4.9!!!,Puzzleheaded-Phase70,https://www.reddit.com/r/diabetes/comments/1otyyu2/success_story_a1c_down_to_49/
Shoes,applechestnut,https://www.reddit.com/r/diabetes/comments/1oumi0k/shoes/
Will I be able to maintain big a1c drop?,New-Programmer7489,https://www.reddit.com/r/diabetes/comments/1ouw8jd/will_i_be_able_to_maintain_big_a1c_drop/
Went to the doc for the first time and received a diagnosis via my bill???,Ok-Relationship924,https://www.reddit.com/r/diabetes/comments/1ouracp/went_to_the_doc_for_the_first_time_and_received_a/
Diabetes imbalance after using baqsimi,AbleTime5905,https://www.reddit.com/r/diabetes/comments/1ou6g0o/diabetes_imbalance_after_using_baqsimi/
Stuck the landing after a TERRIBLE night,joefritz,https://www.reddit.com/r/diabetes/comments/1ou7wta/stuck_the_landing_after_a_terrible_night/
Happy anniversary,AbleTime5905,https://www.reddit.com/r/diabetes/comments/1ou644p/happy_anniversary/
"Running, Riding, and Thriving with Diabetes type 1",FremtidigeMegleren,https://www.reddit.com/r/diabetes/comments/1ou3ohl/running_riding_and_thriving_with_diabetes_type_1/
Having a hard time keeping my numbers down,Otocon96,https://www.reddit.com/r/diabetes/comments/1oucvgi/having_a_hard_time_keeping_my_numbers_down/
Anyone have issues with the insulin not coming out of your insulin pen when using certain size pen needles?,SenileTomato,https://www.reddit.com/r/diabetes/comments/1ou9b6z/anyone_have_issues_with_the_insulin_not_coming/
"Recently diagnosed T2 Diabetic. Brain fog, concentration issues.",nascentmind,https://www.reddit.com/r/diabetes/comments/1ou2lli/recently_diagnosed_t2_diabetic_brain_fog/
2nd honey moon ??!!!,AbleTime5905,https://www.reddit.com/r/diabetes/comments/1ouan1b/2nd_honey_moon/
"As a Type 2, is this okay, too much or dangerous?",ToroMora,https://www.reddit.com/r/diabetes/comments/1our7fp/as_a_type_2_is_this_okay_too_much_or_dangerous/
So looks like I'm diabetic,64bitninja,https://www.reddit.com/r/diabetes/comments/1ou4juf/so_looks_like_im_diabetic/
New diabetic checking in,rickwurm,https://www.reddit.com/r/diabetes/comments/1otkt2b/new_diabetic_checking_in/
