Link Text,URL
Diabetes,https://www.webmd.com/diabetes/default.htm
Log In,https://member.webmd.com/signin?appid=1&returl=https://www.webmd.com/diabetes/default.htm
Type 1 Diabetes,https://www.webmd.com/diabetes/type-1-diabetes
Type 2 Diabetes,https://www.webmd.com/diabetes/type-2-diabetes
Gestational Diabetes,https://www.webmd.com/diabetes/gestational-diabetes
Overview,https://www.webmd.com/diabetes/diabetes-basics
Symptoms,https://www.webmd.com/diabetes/understanding-diabetes-symptoms
Causes,https://www.webmd.com/diabetes/diabetes-causes
Risks,https://www.webmd.com/diabetes/risk-factors-for-diabetes
Types,https://www.webmd.com/diabetes/types-of-diabetes-mellitus
Diagnosis,https://www.webmd.com/diabetes/diagnosis-diabetes
Treatment,https://www.webmd.com/diabetes/understanding-diabetes-detection-treatment
Complications,https://www.webmd.com/diabetes/diabetes-complications
View All,https://www.webmd.com/diabetes/guide-chapter-diabetes-overview-types
What Is Diabetes?Diabetes is a number of diseases that involve problems with the hormone insulin. There is no cure for diabetes.,https://www.webmd.com/diabetes/diabetes-basics
"What Are the Different Types of Diabetes?There are three major types of diabetes: type 1 diabetes, type 2 diabetes, and gestational diabetes.",https://www.webmd.com/diabetes/types-of-diabetes-mellitus
What Is Diabetes Insipidus?Diabetes insipidus causes you to have an almost unquenchable thirst and your body to make a lot of urine.,https://www.webmd.com/diabetes/what-is-diabetes-insipidus
"What Is Gestagenic Diabetes Insipidus?Gestational DI, or gestagenic diabetes insipidus, is a rare disorder that happens in pregnancy, usually in the third trimester.",https://www.webmd.com/diabetes/gestagenic-diabetes-insipidus-symptoms-causes-treatments
View All,https://www.webmd.com/diabetes/guide-chapter-diabetes-overview-types
View All,https://www.webmd.com/diabetes/guide-chapter-diabetes-symptoms-diagnosis
Signs & Symptoms of DiabetesThe warning signs of diabetes can be so mild that you don't notice them. That's especially true of type 2 diabetes.,https://www.webmd.com/diabetes/understanding-diabetes-symptoms
"Diagnosis of DiabetesDiabetes diagnostic tests include a fasting plasma glucose test, oral glucose tolerance test, or random plasma glucose test.",https://www.webmd.com/diabetes/diagnosis-diabetes
Oral Glucose Tolerance TestingAn oral glucose tolerance test (OGTT) shows how well your body handles sugar from foods.,https://www.webmd.com/diabetes/oral-glucose-tolerance-test
Hemoglobin A1c (HbA1c) TestingThe hemoglobin A1c test is an important blood test that shows how well your diabetes is being controlled.,https://www.webmd.com/diabetes/glycated-hemoglobin-test-hba1c
View All,https://www.webmd.com/diabetes/guide-chapter-diabetes-symptoms-diagnosis
View All,https://www.webmd.com/diabetes/guide-chapter-diabetes-treatment
Understanding Your Diabetes Treatment OptionsYou cannot treat diabetes on your own. Your doctor will help you make a diabetes treatment plan that is right for you.,https://www.webmd.com/diabetes/understanding-diabetes-detection-treatment
Your Diabetes Care TeamDifferent doctors can help you manage different aspects of your diabetes. Find out who you need on your team.,https://www.webmd.com/diabetes/diabetes-health-care-team
"Types of InsulinMany forms of insulin treat diabetes, including rapid-acting, short-acting, intermediate-acting, long-acting, and pre-mixed.",https://www.webmd.com/diabetes/diabetes-types-insulin
"Toujeo Insulin for Type 2 DiabetesToujeo is an injectable insulin medication for the treatment of diabetes (type 1 or type 2) in people who are 6 years old and older. It is a long-acting form of insulin, which allows it to last for a long time in the body to help control blood sugars.",https://www.webmd.com/diabetes/toujeo-diabetes
View All,https://www.webmd.com/diabetes/guide-chapter-diabetes-treatment
View All,https://www.webmd.com/diabetes/guide-chapter-diabetes-living-with
"High Blood Sugar (Hyperglycemia)Blood sugar control is at the center of any diabetes treatment plan. High blood sugar, or hyperglycemia, is a major concern.",https://www.webmd.com/diabetes/diabetes-hyperglycemia
Low Blood Sugar (Hypoglycemia)People with diabetes get hypoglycemia (low blood sugar) when their bodies don't have enough sugar to use as fuel.,https://www.webmd.com/diabetes/diabetes-hypoglycemia
Continuous Glucose MonitoringContinuous glucose monitors are FDA-approved systems that track your blood sugar levels day and night.,https://www.webmd.com/diabetes/continuous-glucose-monitoring
How and When to Test Your Blood SugarMost people with diabetes need to check their glucose levels regularly. The results help you and your doctor manage those levels.,https://www.webmd.com/diabetes/how-test-blood-glucose
View All,https://www.webmd.com/diabetes/guide-chapter-diabetes-living-with
View All,https://www.webmd.com/diabetes/guide-chapter-diabetes-related-conditions
"Nerve Pain and DiabetesNerve pain caused by diabetes, known as diabetic peripheral neuropathy, can be severe, constant, and hard to treat.",https://www.webmd.com/diabetes/peripheral-neuropathy-treating-nerve-pain
Skin Conditions and DiabetesSkin conditions related to diabetes are common. Most can be successfully treated before they turn into a serious problem.,https://www.webmd.com/diabetes/related-skin-conditions
Kidney Disease and DiabetesDiabetic nephropathy -- kidney disease that results from diabetes -- is the No. 1 cause of kidney failure.,https://www.webmd.com/diabetes/diabetes-kidney-disease
Infections and DiabetesMost infections in people with diabetes can be treated. But you have to be able to spot the symptoms. Learn what to look for.,https://www.webmd.com/diabetes/infections-linked-diabetes
View All,https://www.webmd.com/diabetes/guide-chapter-diabetes-related-conditions
View All,https://www.webmd.com/diabetes/guide-chapter-type-2-diabetes
What Is Type 2 Diabetes?Type 2 diabetes is a lifelong disease that keeps your body from using insulin the way it should.,https://www.webmd.com/diabetes/type-2-diabetes
Prediabetes (Borderline Diabetes)Prediabetes is when your blood sugar level is higher than it should be but not enough for your doctor to diagnose diabetes.,https://www.webmd.com/diabetes/what-is-prediabetes
"What is Insulin Resistance?Insulin resistance is when cells in your muscles, fat, and liver donât respond well to insulin.",https://www.webmd.com/diabetes/insulin-resistance-syndrome
Early Signs and Symptoms of Type 2 DiabetesYou might not know that you have type 2 diabetes until it affects your health. Symptoms can come on slowly.,https://www.webmd.com/diabetes/type-2-diabetes-symptoms
View All,https://www.webmd.com/diabetes/guide-chapter-type-2-diabetes
View All,https://www.webmd.com/diabetes/guide-chapter-diabetes-type-1-diabetes
Type 1 DiabetesType 1 diabetes is a condition in which your immune system destroys insulin-making cells in your pancreas.,https://www.webmd.com/diabetes/type-1-diabetes
Might My Child Have Type 1 Diabetes?Know the symptoms of type 1 diabetes so you can help keep your child healthy.,https://www.webmd.com/diabetes/might-my-child-have-type-1-diabetes
"Giving Yourself an Insulin Shot for DiabetesFor those with diabetes, an insulin shot delivers medicine into the subcutaneous tissue.",https://www.webmd.com/diabetes/give-yourself-insulin-shot
What to Eat When You Have Type 1 DiabetesIt's important to eat a healthy diet when you have type 1 diabetes. That doesn't mean you can't enjoy tasty food.,https://www.webmd.com/diabetes/diet-type-1-diabetes
View All,https://www.webmd.com/diabetes/guide-chapter-diabetes-type-1-diabetes
View All,https://www.webmd.com/diabetes/guide-chapter-diabetes-gestational-diabetes
What Causes Gestational Diabetes?Gestational diabetes is high blood sugar that you get only when you're pregnant.,https://www.webmd.com/diabetes/what-causes-gestational-diabetes
"Gestational Diabetes: Can I Lower My Risk?Although some things mean you're more likely to get gestational diabetes, you can steps to lower your risk.",https://www.webmd.com/diabetes/gestational-diabetes-can-i-lower-my-risk
Pregnancy and Gestational Diabetes ScreeningAll pregnant women should be screened for gestational diabetes during their pregnancy.,https://www.webmd.com/diabetes/pregnancy-diabetes
"How Is Gestational Diabetes Treated?If you have gestational diabetes, you'll need to get your blood sugar under control to protect your health and your baby's.",https://www.webmd.com/diabetes/understanding-gestational-diabetes-treatment
View All,https://www.webmd.com/diabetes/guide-chapter-diabetes-gestational-diabetes
View All,https://www.webmd.com/diabetes/guide-chapter-appointment-prep
View All,https://www.webmd.com/diabetes/guide-chapter-appointment-prep
"The Surge in Type 1 Diabetes, and the New Ways to Fight It",https://www.webmd.com/diabetes/news/20250819/cm/surge-type-1-diabetes-new-ways-fight
"Signs Your Care Team Is a Good Cultural FitIf youâve been diagnosed with type 2 diabetes, itâs important to have a care team that respects and understands you. Learn more.",https://www.webmd.com/diabetes/ss/cm/slideshow-t2d-care-team-cultural-fit
"Test Your Type 2 Diabetes IQLimit carbs or sugar? Where should you test your blood glucose? The more you know, the better you can live with diabetes. Check your knowledge with this WebMD quiz.",https://www.webmd.com/diabetes/cm/rm-quiz-type-2
8 Simple Snacks That Wonât Spike Your Blood SugarDo you have both diabetes and the munchies? WebMD shows you simple snacks that can keep your tummy -- and your blood sugar -- happy.,https://www.webmd.com/diabetes/ss/slideshow-snacks-blood-sugar
Low-Carb Fast FoodLow carb and fast food donât often go together. Hereâs how to spot unhealthy carbs and make better choices from the menu.,https://www.webmd.com/diabetes/ss/slideshow-low-carb-fast-food
Osteomyelitis,https://www.webmd.com/diabetes/osteomyeltis-treatment-diagnosis-symptoms
Low Blood Sugar,https://www.webmd.com/diabetes/diabetes-hypoglycemia
Diabetic Neuropathy,https://www.webmd.com/diabetes/diabetes-neuropathy
High Blood Sugar,https://www.webmd.com/diabetes/diabetes-hyperglycemia
Blood Sugar Levels,https://www.webmd.com/diabetes/how-test-blood-glucose
Ketosis,https://www.webmd.com/diabetes/what-is-ketosis
Type 1 Diabetes Symptoms,https://www.webmd.com/diabetes/adults-can-get-type-1-diabetes-too
Type 2 Diabetes Symptoms,https://www.webmd.com/diabetes/type-2-diabetes-symptoms
Diabetic Ketoacidosis,https://www.webmd.com/diabetes/ketoacidosis
Hemoglobin A1c,https://www.webmd.com/diabetes/glycated-hemoglobin-test-hba1c
Ilene Raymond Rush,https://blogs.webmd.com/diabetes/ilene-raymond-rush
Making Sense of HbA1c,https://blogs.webmd.com/diabetes/20251030/making-sense-of-hba1c
Making Sense of HbA1c,https://blogs.webmd.com/diabetes/20251030/making-sense-of-hba1c
Serena Valentine,https://blogs.webmd.com/diabetes/serena-valentine
Another Kind of Substance Abuse,https://blogs.webmd.com/diabetes/20251001/another-kind-of-substance-abuse
Another Kind of Substance Abuse,https://blogs.webmd.com/diabetes/20251001/another-kind-of-substance-abuse
Oscar Camejo,https://blogs.webmd.com/diabetes/oscar-camejo
My 80-Pound Wake-Up Call,https://blogs.webmd.com/diabetes/20250425/my-80-pound-wake-up-call
My 80-Pound Wake-Up Call,https://blogs.webmd.com/diabetes/20250425/my-80-pound-wake-up-call
Diabetes News,https://www.webmd.com/diabetes/news-features
Diabetes Reference,https://www.webmd.com/diabetes/medical-reference/default.htm
Diabetes Slideshows,https://www.webmd.com/diabetes/ss/default.htm
Diabetes Videos,https://www.webmd.com/diabetes/video/default.htm
Diabetes Quizzes,https://www.webmd.com/diabetes/quiz/default.htm
Diabetes Blogs,https://blogs.webmd.com/diabetes/default.htm
Diabetes Overview,https://www.webmd.com/diabetes/diabetes-basics
Diabetes Symptoms,https://www.webmd.com/diabetes/understanding-diabetes-symptoms
Diabetes Causes,https://www.webmd.com/diabetes/diabetes-causes
Diabetes Diagnosis,https://www.webmd.com/diabetes/diagnosis-diabetes
Diabetes Treatment,https://www.webmd.com/diabetes/understanding-diabetes-detection-treatment
Types of Diabetes,https://www.webmd.com/diabetes/types-of-diabetes-mellitus
Diabetes Complications,https://www.webmd.com/diabetes/diabetes-complications
Type 1 Diabetes,https://www.webmd.com/diabetes/type-1-diabetes
Type 2 Diabetes,https://www.webmd.com/diabetes/type-2-diabetes
Gestational Diabetes,https://www.webmd.com/diabetes/gestational-diabetes
Prediabetes,https://www.webmd.com/diabetes/what-is-prediabetes
Blood Glucose Tracker,https://www.webmd.com/diabetes/trackers-for-diabetes
Diabetic Neuropathy,https://www.webmd.com/diabetes/diabetes-neuropathy
Diabetic Macular Edema,https://www.webmd.com/diabetes/diabetic-macular-edema
Insulin,https://www.webmd.com/diabetes/diabetes-types-insulin
Heart Disease,https://www.webmd.com/diabetes/heart-blood-disease
